1|Brady|Alvine|balvine@ucsc.edu
2|Cheyenne|Barnacle|cbarnacle@yahoo.com
3|Sharilyn|Altier|saltier@ucsc.edu
4|Sofia|Baher|sbaher@gmail.com
5|Joseph|Anetsberger|janetsberger@hotmail.com
6|Clemmie|Allbritton|callbritton@ucsc.edu
7|Selena|Arjona|sarjona@potato.org
8|Kena|Bachinski|kbachinski@potato.org
9|Roma|Auces|rauces@hotmail.com
10|Jeannette|Artola|jartola@yahoo.com
11|Sibyl|Barchick|sbarchick@hotmail.com
12|Trudy|Barczak|tbarczak@potato.org
13|Somer|Bazzle|sbazzle@yahoo.com
14|Tamica|Behnke|tbehnke@hotmail.com
15|Rafael|Balletta|rballetta@potato.org
16|Anette|Adamos|aadamos@gmail.com
17|Faustino|Alosa|falosa@gmail.com
18|Arlena|Barahana|abarahana@potato.org
19|Kemberly|Arya|karya@ucsc.edu
20|Indira|Bebeau|ibebeau@ucsc.edu
21|Fonda|Bahler|fbahler@ucsc.edu
22|Rupert|Arboleda|rarboleda@hotmail.com
23|Pura|Alls|palls@ucsc.edu
24|Krystle|Balette|kbalette@potato.org
25|Hyacinth|Adolphsen|hadolphsen@potato.org
26|Isaiah|Artale|iartale@potato.org
27|Daisy|Aguiniga|daguiniga@yahoo.com
28|Gertrud|Aley|galey@hotmail.com
29|Irish|Babish|ibabish@gmail.com
30|Roberto|Aton|raton@hotmail.com
31|Adela|Basham|abasham@hotmail.com
32|Ruth|Anick|ranick@yahoo.com
33|Kristle|Barreda|kbarreda@gmail.com
34|Robt|Beatson|rbeatson@yahoo.com
35|Carmella|Arntzen|carntzen@gmail.com
36|Kate|Balis|kbalis@hotmail.com
37|Andres|Ashlin|aashlin@ucsc.edu
38|Dyan|Alai|dalai@gmail.com
39|Hwa|Admas|hadmas@gmail.com
40|Darleen|Agrela|dagrela@ucsc.edu
41|Lemuel|Amadon|lamadon@gmail.com
42|Jacki|Aragundi|jaragundi@gmail.com
43|Keri|Aries|karies@gmail.com
44|Vertie|Bedoya|vbedoya@potato.org
45|Pamela|Asaeli|pasaeli@potato.org
46|Jeanmarie|Barcroft|jbarcroft@yahoo.com
47|Elissa|Ballinger|eballinger@gmail.com
48|Kristeen|Alsberry|kalsberry@potato.org
49|Glady|Aronhalt|garonhalt@gmail.com
50|Manda|Beichner|mbeichner@ucsc.edu
51|Jamila|Attianese|jattianese@gmail.com
52|Thomas|Beermudez|tbeermudez@ucsc.edu
53|Noemi|Balfe|nbalfe@hotmail.com
54|Ila|Asif|iasif@yahoo.com
55|Delicia|Baillet|dbaillet@hotmail.com
56|Su|Alexopoulos|salexopoulos@hotmail.com
57|Lettie|Beckmeyer|lbeckmeyer@potato.org
58|Tempie|Bearden|tbearden@gmail.com
59|Otto|Azuma|oazuma@hotmail.com
60|Nicky|Beckelheimer|nbeckelheimer@yahoo.com
61|Marc|Arden|marden@gmail.com
62|Adelina|Balestrieri|abalestrieri@potato.org
63|Gianna|Alverio|galverio@gmail.com
64|Aurelia|Bareilles|abareilles@yahoo.com
65|Marica|Awkward|mawkward@yahoo.com
66|Brock|Allaband|ballaband@hotmail.com
67|Marylee|Belfast|mbelfast@ucsc.edu
68|Maribel|Amr|mamr@hotmail.com
69|Cecilia|Alderman|calderman@gmail.com
70|Nickie|Asleson|nasleson@hotmail.com
71|Keisha|Agent|kagent@hotmail.com
72|Cherry|Barie|cbarie@yahoo.com
73|Cleopatra|Arau|carau@potato.org
74|Brant|Akahi|bakahi@yahoo.com
75|Nubia|Albarez|nalbarez@yahoo.com
76|Ambrose|Ambrosius|aambrosius@yahoo.com
77|Rachell|Allenson|rallenson@gmail.com
78|Sherril|Ackmann|sackmann@ucsc.edu
79|Hermine|Badie|hbadie@hotmail.com
80|Randi|Beaureguard|rbeaureguard@ucsc.edu
81|Wilber|Belcastro|wbelcastro@yahoo.com
82|Trinidad|Barbin|tbarbin@potato.org
83|Norbert|Bealer|nbealer@ucsc.edu
84|Gracie|Ardon|gardon@potato.org
85|Olympia|Ambrosia|oambrosia@hotmail.com
86|Lisandra|Astin|lastin@ucsc.edu
87|Salvador|Barager|sbarager@ucsc.edu
88|Lavona|Alberro|lalberro@potato.org
89|Megan|Aegerter|maegerter@yahoo.com
90|Augusta|Acron|aacron@hotmail.com
91|Tim|Arneberg|tarneberg@hotmail.com
92|Rosette|Beeler|rbeeler@yahoo.com
93|Camila|Areias|careias@hotmail.com
94|Markita|Ballar|mballar@ucsc.edu
95|Edison|Angis|eangis@gmail.com
96|Shakia|Beedoo|sbeedoo@potato.org
97|Katharine|Baswell|kbaswell@potato.org
98|Winston|Bacchi|wbacchi@hotmail.com
99|Selina|Basher|sbasher@ucsc.edu
100|Osvaldo|Batters|obatters@potato.org
101|Thao|Bartholow|tbartholow@yahoo.com
102|Matt|Auerswald|mauerswald@ucsc.edu
103|Berniece|Bakshi|bbakshi@gmail.com
104|Jerry|Arrington|jarrington@hotmail.com
105|Cristy|Abernatha|cabernatha@hotmail.com
106|Mose|Albertsen|malbertsen@yahoo.com
107|Gemma|Balestrieri|gbalestrieri@ucsc.edu
108|Wenona|Belcher|wbelcher@gmail.com
109|Laraine|Aragoni|laragoni@potato.org
110|Tu|Arya|tarya@hotmail.com
111|Vania|Barthen|vbarthen@yahoo.com
112|Athena|Ayles|aayles@potato.org
113|Ariane|Acken|aacken@potato.org
114|Bradly|Aybar|baybar@gmail.com
115|Willie|Abdin|wabdin@yahoo.com
116|Troy|Bassani|tbassani@gmail.com
117|Yasuko|Banco|ybanco@gmail.com
118|Roland|Ban|rban@hotmail.com
119|Denisha|Arbour|darbour@ucsc.edu
120|Georgie|Bantin|gbantin@gmail.com
121|Karie|Andreassi|kandreassi@yahoo.com
122|Jovan|Ashbourne|jashbourne@ucsc.edu
123|Porfirio|Becze|pbecze@ucsc.edu
124|Malik|Balchunas|mbalchunas@hotmail.com
125|Brenda|Attinger|battinger@gmail.com
126|Delbert|Amoah|damoah@yahoo.com
127|Jc|Barker|jbarker@potato.org
128|Janyce|Badger|jbadger@potato.org
129|Mellissa|Alessandrini|malessandrini@gmail.com
130|Erwin|Amelang|eamelang@potato.org
131|Mickie|Arundel|marundel@yahoo.com
132|Rosalee|Balducci|rbalducci@hotmail.com
133|Darnell|Bally|dbally@hotmail.com
134|Branda|Attridge|battridge@gmail.com
135|Cortez|Armesto|carmesto@hotmail.com
136|Garnett|Bade|gbade@yahoo.com
137|Kizzy|Ainge|kainge@yahoo.com
138|Maribeth|Auna|mauna@hotmail.com
139|Terry|Akpan|takpan@ucsc.edu
140|Cathleen|Auger|cauger@yahoo.com
141|Brittaney|Beachamp|bbeachamp@yahoo.com
142|Melissa|Aboud|maboud@ucsc.edu
143|Karry|Balcitis|kbalcitis@yahoo.com
144|Darron|Austen|dausten@yahoo.com
145|Hector|Baumkirchner|hbaumkirchner@ucsc.edu
146|Moira|Aydelott|maydelott@gmail.com
147|Taren|Anastos|tanastos@ucsc.edu
148|Hoyt|Armond|harmond@ucsc.edu
149|Geraldo|Barnak|gbarnak@gmail.com
150|Cynthia|Antwine|cantwine@hotmail.com
151|Amee|Arcudi|aarcudi@yahoo.com
152|Lidia|Artison|lartison@yahoo.com
153|Curt|Bartlow|cbartlow@ucsc.edu
154|Tereasa|Azzarella|tazzarella@potato.org
155|Terrilyn|Barrowman|tbarrowman@hotmail.com
156|Lean|Bauch|lbauch@gmail.com
157|Sharika|Autio|sautio@ucsc.edu
158|Lia|Ashauer|lashauer@gmail.com
159|Rubi|Ardry|rardry@ucsc.edu
160|Jesse|Antis|jantis@yahoo.com
161|Keira|Albanez|kalbanez@potato.org
162|Astrid|Anon|aanon@hotmail.com
163|Kris|Belarde|kbelarde@gmail.com
164|Cassondra|Balde|cbalde@ucsc.edu
165|Carmel|Aleff|caleff@hotmail.com
166|Randy|Aamodt|raamodt@potato.org
167|Lue|Battiste|lbattiste@yahoo.com
168|Melisa|Andreassi|mandreassi@hotmail.com
169|Hailey|Baraw|hbaraw@gmail.com
170|Codi|Atzinger|catzinger@yahoo.com
171|Raylene|Balletta|rballetta@gmail.com
172|Davis|Beaudin|dbeaudin@yahoo.com
173|Nicol|Adelson|nadelson@yahoo.com
174|Claudia|Balcos|cbalcos@yahoo.com
175|Johnie|Beavers|jbeavers@ucsc.edu
176|Willia|Andress|wandress@yahoo.com
177|January|Annibale|jannibale@hotmail.com
178|Gena|Beckey|gbeckey@yahoo.com
179|Mika|Aris|maris@gmail.com
180|Laurence|Ablang|lablang@hotmail.com
181|Adele|Aldapa|aaldapa@ucsc.edu
182|Albertine|Alrod|aalrod@hotmail.com
183|Gregg|Belken|gbelken@hotmail.com
184|Zetta|Bannett|zbannett@potato.org
185|Leon|Acee|lacee@ucsc.edu
186|Jean|Agriesti|jagriesti@gmail.com
187|Vernia|Allenbaugh|vallenbaugh@ucsc.edu
188|Genoveva|Bayerl|gbayerl@yahoo.com
189|Elise|Atteberry|eatteberry@potato.org
190|Evonne|Arevalo|earevalo@yahoo.com
191|Leonore|Bali|lbali@hotmail.com
192|Cynthia|Beermudez|cbeermudez@potato.org
193|Retta|Beausoleil|rbeausoleil@yahoo.com
194|Nakia|Amiot|namiot@yahoo.com
195|Arianne|Askland|aaskland@gmail.com
196|Gertrud|Baranga|gbaranga@hotmail.com
197|Parker|Barbar|pbarbar@hotmail.com
198|Emelia|Basurto|ebasurto@hotmail.com
199|Ty|Aldama|taldama@yahoo.com
200|Lisa|Alcon|lalcon@ucsc.edu
201|Particia|Acres|pacres@potato.org
202|Emery|Askari|easkari@hotmail.com
203|Yoko|Aloia|yaloia@potato.org
204|Janine|Beards|jbeards@ucsc.edu
205|Sherry|Avella|savella@gmail.com
206|Amira|Antle|aantle@gmail.com
207|Abigail|Auxier|aauxier@potato.org
208|Lynna|Abdulla|labdulla@hotmail.com
209|Elina|Arave|earave@hotmail.com
210|Tamie|Algood|talgood@gmail.com
211|Franchesca|Aprill|faprill@potato.org
212|Chet|Barranca|cbarranca@potato.org
213|Beverlee|Armand|barmand@hotmail.com
214|Meghann|Bachand|mbachand@gmail.com
215|Foster|Anstine|fanstine@yahoo.com
216|Nakia|Artz|nartz@ucsc.edu
217|Clint|Abbott|cabbott@ucsc.edu
218|Gaylene|Belgrade|gbelgrade@potato.org
219|Bibi|Aceituno|baceituno@ucsc.edu
220|Willetta|Belchior|wbelchior@yahoo.com
221|Minna|Au|mau@yahoo.com
222|Frances|Ax|fax@gmail.com
223|Tracee|Arguello|targuello@gmail.com
224|Evon|Arkadie|earkadie@ucsc.edu
225|Yong|Amlin|yamlin@yahoo.com
226|Evalyn|Arendall|earendall@ucsc.edu
227|Denise|Allabaugh|dallabaugh@gmail.com
228|Silvana|Armbrister|sarmbrister@gmail.com
229|Ardath|Ackmann|aackmann@ucsc.edu
230|Johanne|Babcock|jbabcock@hotmail.com
231|Michelle|Barsch|mbarsch@ucsc.edu
232|Silvia|Armas|sarmas@gmail.com
233|Tonie|Alderman|talderman@potato.org
234|Sumiko|Bearup|sbearup@gmail.com
235|Tifany|Arenz|tarenz@potato.org
236|Luna|Bedsole|lbedsole@ucsc.edu
237|Mikaela|Arrick|marrick@gmail.com
238|Bryan|Aleem|baleem@hotmail.com
239|Claretha|Baich|cbaich@yahoo.com
240|Raven|Anguiano|ranguiano@hotmail.com
241|Hyman|Abbamonte|habbamonte@yahoo.com
242|Conception|Arentz|carentz@ucsc.edu
243|Bo|Ashmead|bashmead@ucsc.edu
244|Fatima|Almond|falmond@yahoo.com
245|Bernardina|Ahrendt|bahrendt@ucsc.edu
246|Loris|Batten|lbatten@yahoo.com
247|Bryant|Armenta|barmenta@potato.org
248|Colby|Battee|cbattee@gmail.com
249|Chasidy|Ala|cala@gmail.com
250|Valentine|Armato|varmato@yahoo.com
251|Arletha|Artiles|aartiles@gmail.com
252|Aaron|Batton|abatton@yahoo.com
253|Cordia|Agle|cagle@potato.org
254|Archie|Albritton|aalbritton@yahoo.com
255|Weldon|Beja|wbeja@ucsc.edu
256|Lesli|Belfanti|lbelfanti@potato.org
257|Tobias|Andruszkiewic|tandruszkiewic@yahoo.com
258|Alyce|Acero|aacero@potato.org
259|Kirby|Ballantine|kballantine@potato.org
260|Rona|Alamillo|ralamillo@potato.org
261|Sheryl|Antonellis|santonellis@gmail.com
262|Sandy|Arave|sarave@yahoo.com
263|Jamison|Barbaza|jbarbaza@hotmail.com
264|Tayna|Alexandre|talexandre@gmail.com
265|Kelle|Belfield|kbelfield@gmail.com
266|Jerri|Aylward|jaylward@ucsc.edu
267|Raleigh|Bastardi|rbastardi@gmail.com
268|Rebecca|Augello|raugello@yahoo.com
269|Phoebe|Alimo|palimo@potato.org
270|Myrtis|Barnthouse|mbarnthouse@gmail.com
271|Kanisha|Abuaita|kabuaita@yahoo.com
272|Marvin|Balandran|mbalandran@gmail.com
273|Helaine|Achter|hachter@yahoo.com
274|Cortney|Annarummo|cannarummo@gmail.com
275|Tawanna|Aue|taue@potato.org
276|Toney|Barklow|tbarklow@ucsc.edu
277|Lynna|Aitkin|laitkin@potato.org
278|Otha|Arkontaky|oarkontaky@yahoo.com
279|Noah|Balin|nbalin@potato.org
280|Dulcie|Ailes|dailes@gmail.com
281|Teresita|Amendola|tamendola@yahoo.com
282|Cordelia|Bassano|cbassano@ucsc.edu
283|Harland|Arno|harno@yahoo.com
284|Nona|Atterbury|natterbury@gmail.com
285|Araceli|Beirise|abeirise@yahoo.com
286|Una|Baulch|ubaulch@gmail.com
287|Diedre|Baltzer|dbaltzer@gmail.com
288|Bradford|Azatyan|bazatyan@ucsc.edu
289|Thora|Bedatsky|tbedatsky@ucsc.edu
290|Lurline|Balsano|lbalsano@gmail.com
291|Myles|Abdula|mabdula@ucsc.edu
292|Daisey|Austino|daustino@potato.org
293|Tomika|Ahrenholtz|tahrenholtz@potato.org
294|Jamee|Ambagis|jambagis@hotmail.com
295|Jewel|Abalos|jabalos@ucsc.edu
296|Zackary|Anastos|zanastos@yahoo.com
297|Chasity|Behme|cbehme@gmail.com
298|Rubye|Bambhrolia|rbambhrolia@yahoo.com
299|Savanna|Asano|sasano@potato.org
300|Jarrod|Badley|jbadley@potato.org
301|Elvina|Asano|easano@hotmail.com
302|Felix|Agni|fagni@hotmail.com
303|Anika|Basurto|abasurto@ucsc.edu
304|Kandis|Assaf|kassaf@hotmail.com
305|Talisha|Areas|tareas@yahoo.com
306|Breann|Alverest|balverest@yahoo.com
307|Sid|Balint|sbalint@gmail.com
308|Belinda|Aslin|baslin@yahoo.com
309|Alejandro|Archambeau|aarchambeau@gmail.com
310|Rosendo|Antes|rantes@ucsc.edu
311|Helen|Bauknecht|hbauknecht@hotmail.com
312|Carmina|Altman|caltman@hotmail.com
313|Edna|Andreadis|eandreadis@hotmail.com
314|Asuncion|Behanan|abehanan@potato.org
315|Valene|Barbre|vbarbre@potato.org
316|Rasheeda|Agricola|ragricola@hotmail.com
317|Tyron|Balmores|tbalmores@ucsc.edu
318|Pam|Bamberger|pbamberger@potato.org
319|Laine|Baliga|lbaliga@yahoo.com
320|Shoshana|Ashly|sashly@gmail.com
321|Kenton|Baskins|kbaskins@gmail.com
322|Tabitha|Abedi|tabedi@hotmail.com
323|Jackeline|Baruffi|jbaruffi@yahoo.com
324|Nolan|Baskas|nbaskas@gmail.com
325|Christena|Abrey|cabrey@gmail.com
326|Monica|Alcini|malcini@yahoo.com
327|Eda|Belinski|ebelinski@potato.org
328|Dione|Bauch|dbauch@ucsc.edu
329|Fiona|Bagner|fbagner@yahoo.com
330|Lou|Arenivas|larenivas@yahoo.com
331|Margarett|Alu|malu@hotmail.com
332|Jesse|Aquas|jaquas@yahoo.com
333|Laverne|Avona|lavona@potato.org
334|Salvador|Aiola|saiola@gmail.com
335|Vannesa|Bastick|vbastick@hotmail.com
336|Alla|Amberson|aamberson@yahoo.com
337|Frances|Alspaugh|falspaugh@hotmail.com
338|Nicholle|Banco|nbanco@gmail.com
339|Shemeka|Arney|sarney@yahoo.com
340|Elaina|Barcenas|ebarcenas@ucsc.edu
341|Lamont|Beedham|lbeedham@gmail.com
342|Clarine|Altic|caltic@yahoo.com
343|Mee|Aksoy|maksoy@potato.org
344|Jong|Bega|jbega@ucsc.edu
345|Parker|Adickes|padickes@potato.org
346|Val|Andree|vandree@hotmail.com
347|Sofia|Belinski|sbelinski@ucsc.edu
348|Mittie|Beddow|mbeddow@hotmail.com
349|Valeri|Argentieri|vargentieri@potato.org
350|Norene|Alsberry|nalsberry@potato.org
351|Floyd|Beisch|fbeisch@potato.org
352|Ethelene|Aye|eaye@ucsc.edu
353|Luciana|Albertine|lalbertine@yahoo.com
354|Kary|Baggenstoss|kbaggenstoss@ucsc.edu
355|Alane|Ansell|aansell@potato.org
356|Norah|Baucom|nbaucom@ucsc.edu
357|Wei|Ahlo|wahlo@potato.org
358|Normand|Albertson|nalbertson@gmail.com
359|Lashawna|Ard|lard@gmail.com
360|Amee|Angles|aangles@potato.org
361|Justin|Alderink|jalderink@hotmail.com
362|Lesli|Addo|laddo@hotmail.com
363|Nathanael|Beat|nbeat@ucsc.edu
364|Mildred|Barbella|mbarbella@potato.org
365|Sulema|Agostino|sagostino@gmail.com
366|Bernadette|Alosta|balosta@ucsc.edu
367|Emmaline|Avarbuch|eavarbuch@ucsc.edu
368|Susanna|Ancell|sancell@potato.org
369|Mendy|Amen|mamen@hotmail.com
370|Kristle|Angst|kangst@ucsc.edu
371|Claude|Badalamenti|cbadalamenti@potato.org
372|Larisa|Atterbury|latterbury@yahoo.com
373|Wilton|Belancer|wbelancer@ucsc.edu
374|Lewis|Barrette|lbarrette@gmail.com
375|Gerry|Behel|gbehel@ucsc.edu
376|Geralyn|Avinger|gavinger@hotmail.com
377|Consuela|Badget|cbadget@hotmail.com
378|Mendy|Armentor|marmentor@gmail.com
379|Michale|Beckert|mbeckert@gmail.com
380|Monserrate|Aarant|maarant@ucsc.edu
381|Lourdes|Andina|landina@yahoo.com
382|Verdie|Barsuhn|vbarsuhn@potato.org
383|Gearldine|Beguhl|gbeguhl@ucsc.edu
384|Esther|Anway|eanway@potato.org
385|Carlene|Batson|cbatson@ucsc.edu
386|Laquanda|Bator|lbator@potato.org
387|Charline|Atzinger|catzinger@yahoo.com
388|Mickey|Ambert|mambert@gmail.com
389|Manual|Ardner|mardner@yahoo.com
390|Li|Asters|lasters@potato.org
391|Angelita|Baldini|abaldini@potato.org
392|Andree|Bazar|abazar@ucsc.edu
393|Chauncey|Barken|cbarken@yahoo.com
394|Olympia|Beik|obeik@gmail.com
395|Jeanice|Belcourt|jbelcourt@potato.org
396|Davis|Barrell|dbarrell@gmail.com
397|Sidney|Andras|sandras@hotmail.com
398|Annalee|Arbolida|aarbolida@yahoo.com
399|Georgetta|Angers|gangers@potato.org
400|Gracie|Ankeny|gankeny@yahoo.com
401|Dina|Armen|darmen@ucsc.edu
402|Hai|Alken|halken@hotmail.com
403|Celestine|Alcorn|calcorn@gmail.com
404|Katherine|Affeld|kaffeld@yahoo.com
405|Demetrice|Arita|darita@hotmail.com
406|Horacio|Barreca|hbarreca@hotmail.com
407|Ryan|Anschutz|ranschutz@yahoo.com
408|Lester|Adamek|ladamek@ucsc.edu
409|Lacy|Aiona|laiona@hotmail.com
410|Lavona|Auld|lauld@yahoo.com
411|Nerissa|Agor|nagor@hotmail.com
412|Lydia|Alicia|lalicia@ucsc.edu
413|Linsey|Bahlmann|lbahlmann@gmail.com
414|Karly|Arietta|karietta@ucsc.edu
415|Winston|Ambrosius|wambrosius@gmail.com
416|Lelah|Behnken|lbehnken@hotmail.com
417|Christian|Bardney|cbardney@ucsc.edu
418|Kitty|Aparo|kaparo@gmail.com
419|Sherlene|Bavard|sbavard@gmail.com
420|Aura|Auer|aauer@ucsc.edu
421|Verena|Arnzen|varnzen@ucsc.edu
422|Sylvie|Barrott|sbarrott@ucsc.edu
423|Shemika|Abbey|sabbey@ucsc.edu
424|Lorna|Barze|lbarze@gmail.com
425|Sherrell|Beel|sbeel@yahoo.com
426|Kenyetta|Achekian|kachekian@ucsc.edu
427|Jamie|Altken|jaltken@potato.org
428|Calista|Atala|catala@gmail.com
429|Torrie|Affelt|taffelt@gmail.com
430|Edyth|Abelman|eabelman@ucsc.edu
431|Jovan|Alberthal|jalberthal@ucsc.edu
432|Francesco|Aikins|faikins@ucsc.edu
433|Kareen|Augustave|kaugustave@yahoo.com
434|Maybell|Andra|mandra@potato.org
435|Trinidad|Belka|tbelka@hotmail.com
436|Erminia|Almen|ealmen@yahoo.com
437|Blanche|Bardo|bbardo@potato.org
438|Shanel|Augsburger|saugsburger@gmail.com
439|Curtis|Beitler|cbeitler@hotmail.com
440|Lanita|Bealer|lbealer@gmail.com
441|Salena|Bargo|sbargo@potato.org
442|Berenice|Adsit|badsit@ucsc.edu
443|Aleisha|Anton|aanton@potato.org
444|Thomas|Agni|tagni@potato.org
445|Lachelle|Altizer|laltizer@ucsc.edu
446|Laree|Arnao|larnao@hotmail.com
447|May|Barragan|mbarragan@potato.org
448|Wilma|Barientos|wbarientos@yahoo.com
449|Margorie|Acron|macron@yahoo.com
450|Bryon|Ashalintubbi|bashalintubbi@hotmail.com
451|Charlena|Auyer|cauyer@potato.org
452|Mariela|Bayliff|mbayliff@hotmail.com
453|Tamika|Babic|tbabic@ucsc.edu
454|Nina|Bekins|nbekins@potato.org
455|Moriah|Abke|mabke@ucsc.edu
456|Pattie|Beeching|pbeeching@yahoo.com
457|Keli|Barone|kbarone@hotmail.com
458|Ellan|Baken|ebaken@ucsc.edu
459|Sybil|Bashi|sbashi@ucsc.edu
460|Ara|Aughtman|aaughtman@ucsc.edu
461|Jinny|Alavi|jalavi@yahoo.com
462|Wanita|Bacchi|wbacchi@hotmail.com
463|Delta|Antonaccio|dantonaccio@ucsc.edu
464|Nga|Annon|nannon@yahoo.com
465|Nieves|Abela|nabela@gmail.com
466|Elenor|Basiliere|ebasiliere@potato.org
467|Edmund|Bartosz|ebartosz@gmail.com
468|Joey|Badders|jbadders@gmail.com
469|Alline|Beherns|abeherns@gmail.com
470|Marylouise|Batzri|mbatzri@ucsc.edu
471|Elizebeth|Aultz|eaultz@gmail.com
472|Lora|Arora|larora@ucsc.edu
473|Loree|Arrison|larrison@hotmail.com
474|Mose|Atkison|matkison@hotmail.com
475|Elsy|Abundis|eabundis@yahoo.com
476|Xavier|Barakat|xbarakat@ucsc.edu
477|Krista|Aronstein|karonstein@yahoo.com
478|Laine|Bartnik|lbartnik@potato.org
479|Amberly|Amore|aamore@ucsc.edu
480|Lucinda|Beeghly|lbeeghly@ucsc.edu
481|Hipolito|Ballena|hballena@hotmail.com
482|Elvis|Bamford|ebamford@yahoo.com
483|Darwin|Ahuja|dahuja@ucsc.edu
484|Asuncion|Anselmi|aanselmi@yahoo.com
485|Hedwig|Ahles|hahles@yahoo.com
486|Judith|Aul|jaul@hotmail.com
487|Leroy|Behen|lbehen@potato.org
488|Shela|Alderete|salderete@hotmail.com
489|Nina|Begonia|nbegonia@hotmail.com
490|Ileana|Asbury|iasbury@ucsc.edu
491|Phyliss|Aneshansley|paneshansley@hotmail.com
492|Jessia|Arcilla|jarcilla@hotmail.com
493|Windy|Alegar|walegar@hotmail.com
494|Kecia|Adame|kadame@potato.org
495|Arlene|Alday|aalday@potato.org
496|Sibyl|Achille|sachille@potato.org
497|Torri|Aasby|taasby@potato.org
498|Stacia|Amezcua|samezcua@ucsc.edu
499|Fabiola|Baumli|fbaumli@potato.org
500|Lakeisha|Agoras|lagoras@yahoo.com
501|Michael|Lanthier|malanthi@ucsc.edu
