1|Marvella|Arey|marey68@hotmail.com
2|Britany|Beik|bbeik3@ucsc.edu
3|Chelsie|Alpern|calpern39@gmail.com
4|Hank|Almodovar|halmodovar92@ucsc.edu
5|Jodie|Balsis|jbalsis73@potato.org
6|Tanja|Axelsen|taxelsen51@yahoo.com
7|Latasha|Andrado|landrado48@ucsc.edu
8|Carlota|Arkema|carkema1@hotmail.com
9|Deann|Arenales|darenales89@hotmail.com
10|Elnora|Bastine|ebastine92@potato.org
11|Roselle|Beilman|rbeilman56@gmail.com
12|Rikki|Ambroziak|rambroziak31@hotmail.com
13|Roselia|Andry|randry31@yahoo.com
14|Cecilia|Albani|calbani21@yahoo.com
15|Katherina|Axline|kaxline39@hotmail.com
16|Nu|Bartman|nbartman33@yahoo.com
17|Wyatt|Backfisch|wbackfisch58@gmail.com
18|Jena|Balish|jbalish96@potato.org
19|Ann|Agnello|aagnello63@yahoo.com
20|Rayna|Akmal|rakmal10@ucsc.edu
21|Emma|Balliett|eballiett97@ucsc.edu
22|Felix|Ball|fball43@hotmail.com
23|Denita|Beesley|dbeesley8@ucsc.edu
24|Kimbra|Adamek|kadamek95@ucsc.edu
25|Billy|Albiston|balbiston77@ucsc.edu
26|Bette|Adkison|badkison33@potato.org
27|Art|Bardes|abardes69@yahoo.com
28|Chas|Aye|caye71@yahoo.com
29|Jermaine|Ahlheim|jahlheim34@gmail.com
30|Marvella|Bearden|mbearden20@gmail.com
31|Lula|Belile|lbelile80@potato.org
32|Teresa|Annand|tannand49@gmail.com
33|Jewell|Aurich|jaurich93@yahoo.com
34|Barbra|Beauman|bbeauman44@potato.org
35|Cole|Baster|cbaster61@yahoo.com
36|My|Arendz|marendz7@gmail.com
37|Duncan|Apfel|dapfel18@potato.org
38|Trista|Beelar|tbeelar18@hotmail.com
39|Pasty|Antosh|pantosh1@gmail.com
40|Darren|Amante|damante24@yahoo.com
41|Beckie|Allanson|ballanson26@yahoo.com
42|Aundrea|Baysmore|abaysmore21@hotmail.com
43|Kyle|Assing|kassing51@yahoo.com
44|Berniece|Ballagh|bballagh34@potato.org
45|Dagny|Ardinger|dardinger62@hotmail.com
46|Esmeralda|Aas|eaas75@gmail.com
47|Sha|Baria|sbaria26@gmail.com
48|Courtney|Begen|cbegen67@hotmail.com
49|Marvin|Barbarino|mbarbarino13@yahoo.com
50|Catrice|Basques|cbasques55@potato.org
51|Grover|Bazylewicz|gbazylewicz48@ucsc.edu
52|Shiela|Balzarine|sbalzarine16@potato.org
53|Lorita|Arviso|larviso40@gmail.com
54|Keeley|Amati|kamati0@gmail.com
55|Margurite|Akin|makin7@gmail.com
56|Beaulah|Barberis|bbarberis72@hotmail.com
57|Linwood|Baumiester|lbaumiester37@potato.org
58|Nora|Ahles|nahles84@ucsc.edu
59|Terra|Baltzell|tbaltzell67@gmail.com
60|Errol|Barlett|ebarlett68@gmail.com
61|Giselle|Beiley|gbeiley22@ucsc.edu
62|Blair|Arribas|barribas44@potato.org
63|Hassan|Agne|hagne92@hotmail.com
64|Buena|Bambas|bbambas9@ucsc.edu
65|Alisa|Belfort|abelfort70@gmail.com
66|Myles|Beilstein|mbeilstein22@ucsc.edu
67|Rosann|Armlin|rarmlin52@yahoo.com
68|Ethelene|Baldridge|ebaldridge75@yahoo.com
69|Brinda|Bay|bbay72@potato.org
70|Earl|Bedson|ebedson85@potato.org
71|Lenna|Belin|lbelin82@ucsc.edu
72|Kimiko|Banos|kbanos7@gmail.com
73|Roselia|Achorn|rachorn84@potato.org
74|Margart|Abramson|mabramson10@potato.org
75|Cathi|Barcelona|cbarcelona47@potato.org
76|Crissy|Bastida|cbastida13@gmail.com
77|Kelly|Barnthouse|kbarnthouse48@yahoo.com
78|Flora|Abrantes|fabrantes73@ucsc.edu
79|Afton|Allridge|aallridge56@gmail.com
80|Sonny|Baldivia|sbaldivia10@ucsc.edu
81|Azalee|Auyeung|aauyeung44@yahoo.com
82|Felice|Audia|faudia60@yahoo.com
83|Breann|Asencio|basencio69@ucsc.edu
84|Kristi|Anton|kanton42@potato.org
85|Abigail|Axelrod|aaxelrod72@yahoo.com
86|Virgina|Ahal|vahal33@ucsc.edu
87|Rebecka|Balzarini|rbalzarini22@hotmail.com
88|Annika|Bawks|abawks54@ucsc.edu
89|See|Barends|sbarends65@ucsc.edu
90|Lacresha|Bandasak|lbandasak91@yahoo.com
91|Conception|Banco|cbanco41@yahoo.com
92|Phebe|Bachicha|pbachicha26@ucsc.edu
93|Ulysses|Barabin|ubarabin55@potato.org
94|Darin|Acey|dacey1@yahoo.com
95|Hilde|Alley|halley65@potato.org
96|Leandra|Baugess|lbaugess6@hotmail.com
97|Eura|Barager|ebarager96@yahoo.com
98|Tesha|Altsisi|taltsisi24@gmail.com
99|Terra|Arsham|tarsham23@potato.org
100|Arvilla|Bartholic|abartholic88@ucsc.edu
101|Walker|Alias|walias74@yahoo.com
102|Antony|Allah|aallah85@gmail.com
103|Winford|Arnold|warnold32@gmail.com
104|Eneida|Aliberti|ealiberti32@hotmail.com
105|Clare|Barlett|cbarlett71@hotmail.com
106|Cayla|Arnao|carnao83@gmail.com
107|Fidelia|Bab|fbab96@ucsc.edu
108|Thalia|Aguas|taguas61@gmail.com
109|Olinda|Battisto|obattisto68@potato.org
110|Stefani|Bauerkemper|sbauerkemper32@ucsc.edu
111|Mario|Aharonof|maharonof59@hotmail.com
112|Therese|Ballentine|tballentine74@ucsc.edu
113|Lenora|Bazar|lbazar92@yahoo.com
114|Eartha|Bamberg|ebamberg76@ucsc.edu
115|Sharice|Allridge|sallridge51@gmail.com
116|Nicola|Atienza|natienza89@ucsc.edu
117|Alycia|Batten|abatten49@gmail.com
118|Kevin|Amsley|kamsley23@ucsc.edu
119|Reginia|Barnscater|rbarnscater95@gmail.com
120|Joseph|Bay|jbay52@yahoo.com
121|Vera|Angier|vangier70@potato.org
122|Eloise|Barrena|ebarrena43@hotmail.com
123|Tanna|Alls|talls32@hotmail.com
124|Jesica|Bahlmann|jbahlmann40@hotmail.com
125|Carolyne|Ala|cala53@potato.org
126|Alfonzo|Beiriger|abeiriger6@gmail.com
127|Lawanda|Babick|lbabick54@potato.org
128|Markus|Balle|mballe40@potato.org
129|Skye|Alviso|salviso50@potato.org
130|Tobias|Aldinger|taldinger7@yahoo.com
131|Ann|Athas|aathas83@gmail.com
132|Camellia|Abrachinsky|cabrachinsky81@ucsc.edu
133|Mayra|Bawer|mbawer21@hotmail.com
134|Deedra|Barino|dbarino21@gmail.com
135|Lahoma|Ackerley|lackerley26@yahoo.com
136|Hulda|Altidor|haltidor88@gmail.com
137|Joi|Aube|jaube50@yahoo.com
138|Long|Amend|lamend57@potato.org
139|Melissa|Appl|mappl41@potato.org
140|Gwendolyn|Anhalt|ganhalt1@hotmail.com
141|Leora|Azbell|lazbell67@yahoo.com
142|Terrance|Allenbach|tallenbach52@ucsc.edu
143|Darren|Aleo|daleo55@yahoo.com
144|Audry|Adolphsen|aadolphsen97@hotmail.com
145|Robyn|Baribeau|rbaribeau80@hotmail.com
146|Marcia|Baughey|mbaughey1@ucsc.edu
147|Eura|Alukonis|ealukonis49@yahoo.com
148|Shirl|Ammirata|sammirata92@ucsc.edu
149|Mabel|Auten|mauten94@hotmail.com
150|Pia|Asai|pasai34@yahoo.com
151|Saul|Alvaro|salvaro75@potato.org
152|Agustina|Ayres|aayres35@gmail.com
153|Danelle|Allegrini|dallegrini76@potato.org
154|Merrill|Annese|mannese51@hotmail.com
155|Laureen|Barton|lbarton47@gmail.com
156|Quincy|Alejandrez|qalejandrez38@yahoo.com
157|Bunny|Alicuben|balicuben67@hotmail.com
158|Wei|Batte|wbatte80@potato.org
159|Cheryll|Banta|cbanta44@hotmail.com
160|Kurtis|Auteri|kauteri38@ucsc.edu
161|Dona|Beddome|dbeddome4@ucsc.edu
162|Federico|Beckfield|fbeckfield26@potato.org
163|Kaycee|Barkan|kbarkan95@yahoo.com
164|Ceola|Apana|capana15@ucsc.edu
165|Anissa|Barakat|abarakat40@gmail.com
166|Michael|Attaway|mattaway10@gmail.com
167|Houston|Avelino|havelino41@yahoo.com
168|Issac|Adside|iadside65@ucsc.edu
169|Maisha|Almodova|malmodova6@hotmail.com
170|Susy|Acimovic|sacimovic92@gmail.com
171|Silvana|Apruzzese|sapruzzese22@hotmail.com
172|Dorcas|Arehart|darehart86@potato.org
173|Kandice|Baynham|kbaynham76@potato.org
174|Susan|Agle|sagle8@yahoo.com
175|Calandra|Beason|cbeason31@yahoo.com
176|Towanda|Balli|tballi94@yahoo.com
177|Susanna|Barrington|sbarrington81@gmail.com
178|Kum|Auten|kauten59@hotmail.com
179|Marilou|Aguillera|maguillera55@gmail.com
180|Tanisha|Barrile|tbarrile12@gmail.com
181|Gail|Baringer|gbaringer15@hotmail.com
182|Harriette|Apple|happle17@gmail.com
183|Jeanene|Allred|jallred4@hotmail.com
184|Dorethea|Banfill|dbanfill59@gmail.com
185|Aubrey|Arning|aarning82@ucsc.edu
186|Jeff|Abdalla|jabdalla76@gmail.com
187|Dong|Baucom|dbaucom27@hotmail.com
188|Pandora|Balliet|pballiet21@hotmail.com
189|Kaylee|Axline|kaxline77@gmail.com
190|Bonita|Bauske|bbauske82@gmail.com
191|Arline|Bachmeier|abachmeier18@potato.org
192|Donnell|Batto|dbatto92@yahoo.com
193|Willodean|Avetisyan|wavetisyan91@yahoo.com
194|Francisca|Beebout|fbeebout74@potato.org
195|Kasha|Arcea|karcea48@hotmail.com
196|John|Alterio|jalterio73@potato.org
197|Denver|Abbassi|dabbassi3@ucsc.edu
198|Jacklyn|Badour|jbadour71@gmail.com
199|Madelaine|Bartholic|mbartholic17@hotmail.com
200|Tama|Adrien|tadrien35@gmail.com
201|Lacey|Aamot|laamot62@potato.org
202|Carlota|Aharon|caharon63@hotmail.com
203|Shantay|Amundsen|samundsen44@yahoo.com
204|Wendi|Aupperle|waupperle35@potato.org
205|Alissa|Agosti|aagosti60@gmail.com
206|Tressie|Asebedo|tasebedo32@ucsc.edu
207|Troy|Alli|talli7@potato.org
208|Austin|Ayudan|aayudan78@gmail.com
209|Miss|Barcley|mbarcley38@potato.org
210|Rosalba|Bagron|rbagron29@potato.org
211|Lakisha|Abernathy|labernathy22@yahoo.com
212|Lynna|Barchus|lbarchus29@yahoo.com
213|Malissa|Barrom|mbarrom21@yahoo.com
214|Duane|Albarez|dalbarez93@potato.org
215|Katherine|Aresco|karesco62@gmail.com
216|Ross|Annonio|rannonio63@hotmail.com
217|Leoma|Alaibilla|lalaibilla36@gmail.com
218|Latina|Armillei|larmillei77@potato.org
219|Arminda|Baque|abaque55@gmail.com
220|Delicia|Antkowiak|dantkowiak53@hotmail.com
221|Krystle|Aiuto|kaiuto24@gmail.com
222|Clay|Apana|capana57@gmail.com
223|Sherron|Alvares|salvares17@gmail.com
224|Yadira|Aronstein|yaronstein95@gmail.com
225|Viviana|Bane|vbane15@gmail.com
226|Ward|Ammerman|wammerman79@ucsc.edu
227|Kanesha|Adami|kadami22@hotmail.com
228|Ellena|Balfour|ebalfour96@gmail.com
229|Orville|Bednarski|obednarski31@potato.org
230|Ozie|Baughman|obaughman13@ucsc.edu
231|Gidget|Baymon|gbaymon17@potato.org
232|Lisha|Affronti|laffronti53@potato.org
233|Bill|Baine|bbaine43@potato.org
234|Omega|Abramoff|oabramoff18@yahoo.com
235|Yajaira|Aynes|yaynes91@gmail.com
236|Shenita|Bauske|sbauske77@hotmail.com
237|Valda|Annicchiarico|vannicchiarico54@ucsc.edu
238|Ashlee|Balafoutas|abalafoutas9@potato.org
239|Marvis|Backues|mbackues92@potato.org
240|Efrain|Artega|eartega24@ucsc.edu
241|Sun|Bawek|sbawek72@yahoo.com
242|Cristy|Beckes|cbeckes39@hotmail.com
243|Jaleesa|Arbuckle|jarbuckle18@ucsc.edu
244|Milda|Barfoot|mbarfoot18@yahoo.com
245|Takisha|Balich|tbalich27@potato.org
246|Noella|Bays|nbays45@gmail.com
247|Marian|Barley|mbarley36@yahoo.com
248|Katrina|Alward|kalward7@hotmail.com
249|Gale|Balko|gbalko95@potato.org
250|Ivy|Barick|ibarick95@ucsc.edu
251|Antonia|Anzora|aanzora80@hotmail.com
252|Belen|Andruzzi|bandruzzi45@yahoo.com
253|Dorothy|Allbritton|dallbritton8@yahoo.com
254|Vella|Ako|vako12@potato.org
255|Chanelle|Alekna|calekna56@yahoo.com
256|Charisse|Belezos|cbelezos39@potato.org
257|Kerrie|Aller|kaller15@hotmail.com
258|Dean|Abendroth|dabendroth31@yahoo.com
259|Deon|Amore|damore91@hotmail.com
260|Spencer|Belich|sbelich23@ucsc.edu
261|Mose|Almand|malmand68@gmail.com
262|Kristin|Alumbaugh|kalumbaugh72@potato.org
263|Trenton|Barquera|tbarquera93@gmail.com
264|Ka|Beechler|kbeechler80@gmail.com
265|Kelley|Agustine|kagustine36@gmail.com
266|Maryanna|Agosto|magosto54@potato.org
267|Hector|Belardo|hbelardo38@gmail.com
268|Gregoria|Barck|gbarck31@gmail.com
269|Illa|Aguilar|iaguilar11@ucsc.edu
270|Eulah|Backe|ebacke63@ucsc.edu
271|Oleta|Beckel|obeckel2@hotmail.com
272|Marline|Agron|magron34@ucsc.edu
273|Deane|Aragan|daragan95@gmail.com
274|Keeley|Assaf|kassaf11@hotmail.com
275|Moriah|Amenta|mamenta94@potato.org
276|Xavier|Basset|xbasset51@potato.org
277|Reggie|Bachert|rbachert82@potato.org
278|Maryetta|Acree|macree50@yahoo.com
279|Elouise|Balfour|ebalfour39@ucsc.edu
280|Mahalia|Arneson|marneson8@ucsc.edu
281|Stephaine|Angocicco|sangocicco34@potato.org
282|Berneice|Abigantus|babigantus93@yahoo.com
283|Kitty|Badami|kbadami73@gmail.com
284|Fredrick|Alvarez|falvarez45@hotmail.com
285|Oretha|Alcocer|oalcocer64@hotmail.com
286|Frederica|Bekerman|fbekerman72@yahoo.com
287|Luana|Baremore|lbaremore96@yahoo.com
288|Melba|Asbury|masbury91@hotmail.com
289|Lilia|Artrip|lartrip79@hotmail.com
290|Dodie|Bassali|dbassali85@potato.org
291|Allen|Beaudreault|abeaudreault2@ucsc.edu
292|Penelope|Abrew|pabrew78@yahoo.com
293|Amy|Antu|aantu41@potato.org
294|Donald|Amezaga|damezaga59@yahoo.com
295|Conchita|Bamfield|cbamfield10@gmail.com
296|Chase|Beckelhimer|cbeckelhimer39@hotmail.com
297|Ismael|Barillaro|ibarillaro62@gmail.com
298|Lieselotte|Banker|lbanker11@gmail.com
299|Shalon|Beatson|sbeatson65@yahoo.com
300|Classie|Amor|camor2@yahoo.com
301|Cammy|Art|cart70@yahoo.com
302|Waltraud|Augello|waugello97@ucsc.edu
303|Hilary|Au|hau72@gmail.com
304|Tianna|Barrish|tbarrish88@yahoo.com
305|Meggan|Bazinet|mbazinet25@yahoo.com
306|Retha|Alford|ralford34@potato.org
307|Suellen|Ballesteros|sballesteros51@yahoo.com
308|Norah|Bartsch|nbartsch77@yahoo.com
309|Federico|Andrzejczyk|fandrzejczyk73@gmail.com
310|Raleigh|Batteen|rbatteen31@hotmail.com
311|Tarra|Atzhorn|tatzhorn70@ucsc.edu
312|Alfredo|Avans|aavans85@gmail.com
313|Peggy|Aydin|paydin66@gmail.com
314|Jamey|Azzarito|jazzarito47@yahoo.com
315|Cortney|Bartuska|cbartuska42@yahoo.com
316|Jerlene|Barkman|jbarkman86@potato.org
317|Demetrius|Barrott|dbarrott16@ucsc.edu
318|Lasonya|Adi|ladi5@yahoo.com
319|Eleonor|Barentine|ebarentine92@hotmail.com
320|Aubrey|Bahr|abahr92@yahoo.com
321|Una|Albiston|ualbiston16@potato.org
322|Li|Angert|langert87@gmail.com
323|Tien|Azznara|tazznara73@yahoo.com
324|Serina|Banning|sbanning14@hotmail.com
325|Mei|Allemond|mallemond23@yahoo.com
326|Grady|Ashton|gashton86@potato.org
327|Katherin|Azor|kazor43@yahoo.com
328|Sharron|Aldous|saldous91@yahoo.com
329|Aide|Agoras|aagoras28@hotmail.com
330|Angelo|Batterton|abatterton11@hotmail.com
331|Enoch|Beals|ebeals29@yahoo.com
332|Keri|Balent|kbalent65@hotmail.com
333|Matilda|Bartko|mbartko24@yahoo.com
334|Pasty|Almy|palmy79@yahoo.com
335|Page|Bastos|pbastos22@hotmail.com
336|Laurine|Basnett|lbasnett83@ucsc.edu
337|Marisol|Basnett|mbasnett61@gmail.com
338|Lesha|Bedatsky|lbedatsky22@hotmail.com
339|Serafina|Allegood|sallegood0@potato.org
340|Lula|Bartl|lbartl23@gmail.com
341|Ashanti|Ausley|aausley89@gmail.com
342|Miyoko|Barr|mbarr80@potato.org
343|Chara|Akima|cakima30@potato.org
344|Jacquie|Amundsen|jamundsen43@yahoo.com
345|Nidia|Bacho|nbacho55@yahoo.com
346|Dion|Bagozzi|dbagozzi39@potato.org
347|Jarod|Aid|jaid53@potato.org
348|Isreal|Bayer|ibayer16@potato.org
349|Gayle|Bartoldus|gbartoldus1@ucsc.edu
350|Faustino|Arrizola|farrizola13@potato.org
351|Mitchell|Baldock|mbaldock21@hotmail.com
352|Rebeca|Arbucci|rarbucci89@gmail.com
353|Karma|Antillon|kantillon10@potato.org
354|Dorothy|Arris|darris21@potato.org
355|Shaunda|Alcivar|salcivar24@hotmail.com
356|Morgan|Arroyd|marroyd43@ucsc.edu
357|Meagan|Amado|mamado1@ucsc.edu
358|Elton|Beckham|ebeckham14@hotmail.com
359|Buffy|Asa|basa57@ucsc.edu
360|Nadene|Abalos|nabalos79@potato.org
361|Jillian|Batteen|jbatteen55@ucsc.edu
362|Phung|Aseng|paseng49@ucsc.edu
363|Ryan|Agan|ragan65@gmail.com
364|Delilah|Bartolo|dbartolo13@yahoo.com
365|Keven|Beliard|kbeliard28@gmail.com
366|Wilma|Aufiero|waufiero86@hotmail.com
367|Augustine|Bartholic|abartholic77@yahoo.com
368|Valery|Baudry|vbaudry22@hotmail.com
369|Clement|Becerra|cbecerra77@potato.org
370|Zina|Arb|zarb39@ucsc.edu
371|Shanika|Amescua|samescua29@gmail.com
372|Barbie|Bacurin|bbacurin66@hotmail.com
373|Jeanetta|Atamian|jatamian42@gmail.com
374|Emory|Behme|ebehme11@yahoo.com
375|Candi|Aichele|caichele30@ucsc.edu
376|Jason|Basket|jbasket14@hotmail.com
377|Veola|Barbaria|vbarbaria24@yahoo.com
378|Lorrie|Auwaerter|lauwaerter30@ucsc.edu
379|Gustavo|Beauford|gbeauford79@potato.org
380|Zofia|Arancibia|zarancibia86@hotmail.com
381|Delois|Alcide|dalcide27@yahoo.com
382|Carmelita|Armijo|carmijo35@yahoo.com
383|Berry|Almenar|balmenar39@hotmail.com
384|Devona|Amacher|damacher86@hotmail.com
385|Cyrus|Alvarez|calvarez84@potato.org
386|Berna|Ahart|bahart44@gmail.com
387|Roxy|Adesso|radesso80@yahoo.com
388|Mi|Axford|maxford36@gmail.com
389|Junita|Amirian|jamirian88@gmail.com
390|Rick|Arnhart|rarnhart94@yahoo.com
391|Elane|Beish|ebeish8@hotmail.com
392|Wen|Babat|wbabat72@yahoo.com
393|Rayna|Barda|rbarda82@gmail.com
394|Marietta|Achee|machee23@gmail.com
395|Troy|Auber|tauber58@ucsc.edu
396|Antione|August|aaugust81@hotmail.com
397|Felicia|Beckner|fbeckner19@ucsc.edu
398|Sallie|Basua|sbasua42@potato.org
399|Stacee|Anderst|sanderst17@ucsc.edu
400|Mallie|Arakawa|marakawa98@hotmail.com
401|Carina|Aye|caye53@hotmail.com
402|Arnoldo|Allegrucci|aallegrucci48@yahoo.com
403|Van|Barchacky|vbarchacky67@hotmail.com
404|Joy|Alipio|jalipio85@gmail.com
405|Nerissa|Andoh|nandoh71@hotmail.com
406|Neva|Bafia|nbafia41@hotmail.com
407|Judi|Armijos|jarmijos14@potato.org
408|Tiana|Ansoategui|tansoategui45@ucsc.edu
409|Earlie|Bassuk|ebassuk33@gmail.com
410|Sydney|Applen|sapplen71@hotmail.com
411|Chara|April|capril83@hotmail.com
412|Tona|Anawaty|tanawaty96@ucsc.edu
413|Sharolyn|Avella|savella85@hotmail.com
414|Georgiana|Aburto|gaburto60@hotmail.com
415|Lonnie|Barbarino|lbarbarino96@yahoo.com
416|Birgit|Barriga|bbarriga16@potato.org
417|Lai|Apkin|lapkin23@potato.org
418|Raye|Aney|raney27@yahoo.com
419|Chi|Batta|cbatta32@hotmail.com
420|Charisse|Bambrick|cbambrick6@hotmail.com
421|Benny|Avenoso|bavenoso83@ucsc.edu
422|Amiee|Alson|aalson95@gmail.com
423|Gigi|Banducci|gbanducci62@hotmail.com
424|Brinda|Almquist|balmquist93@hotmail.com
425|Earlean|Bantug|ebantug82@yahoo.com
426|Bridget|Barios|bbarios85@yahoo.com
427|Morgan|Barsch|mbarsch8@ucsc.edu
428|Olive|Allender|oallender6@yahoo.com
429|Brandon|Abshier|babshier28@yahoo.com
430|Giuseppina|Arena|garena54@potato.org
431|Christen|Audet|caudet53@gmail.com
432|Jan|Albu|jalbu86@yahoo.com
433|Elvia|Anstey|eanstey78@hotmail.com
434|Pamella|Artis|partis89@potato.org
435|Augusta|Alvalle|aalvalle90@potato.org
436|Deana|Abriola|dabriola1@hotmail.com
437|Golden|Anello|ganello16@gmail.com
438|Melinda|Augustine|maugustine84@gmail.com
439|Mark|Barra|mbarra24@gmail.com
440|Beata|Antuna|bantuna36@yahoo.com
441|Cristina|Barrios|cbarrios75@potato.org
442|Audry|Alvanas|aalvanas71@hotmail.com
443|Blake|Barrientes|bbarrientes66@ucsc.edu
444|Ardelia|Apel|aapel79@potato.org
445|Antione|Beckers|abeckers67@yahoo.com
446|Henrietta|Ardizone|hardizone95@yahoo.com
447|In|Bankes|ibankes3@yahoo.com
448|Jamila|Agostini|jagostini95@potato.org
449|Katheleen|Alatorre|kalatorre82@gmail.com
450|Chin|Bayer|cbayer99@yahoo.com
451|Marylou|Badal|mbadal65@hotmail.com
452|Marica|Appello|mappello96@yahoo.com
453|Delia|Astin|dastin42@gmail.com
454|Rosendo|Alveraz|ralveraz9@potato.org
455|Carole|Barne|cbarne70@ucsc.edu
456|Berry|Barahona|bbarahona18@potato.org
457|Lulu|Arney|larney30@hotmail.com
458|Deedra|Amoros|damoros72@ucsc.edu
459|Virgil|Andrepont|vandrepont90@yahoo.com
460|Elise|Abella|eabella91@potato.org
461|Gonzalo|Awai|gawai36@hotmail.com
462|Tamiko|Beaven|tbeaven98@ucsc.edu
463|Maria|Ault|mault85@ucsc.edu
464|Merrilee|Baillio|mbaillio39@hotmail.com
465|Minh|Aquilino|maquilino75@hotmail.com
466|Donita|Anastasia|danastasia31@gmail.com
467|Cleora|Bachmeier|cbachmeier49@yahoo.com
468|Zachary|Balbontin|zbalbontin54@potato.org
469|Cherryl|Barket|cbarket26@yahoo.com
470|Malik|Artuso|martuso36@ucsc.edu
471|Alvina|Behlmer|abehlmer45@gmail.com
472|Maryanne|Allaman|mallaman84@gmail.com
473|Eugene|Bedoka|ebedoka5@ucsc.edu
474|Solange|Basanta|sbasanta56@hotmail.com
475|Sheridan|Adair|sadair43@yahoo.com
476|Lakeesha|Armijos|larmijos95@gmail.com
477|Sachiko|Barriger|sbarriger34@yahoo.com
478|Ute|Andriopulos|uandriopulos81@yahoo.com
479|Vernia|Aiu|vaiu41@gmail.com
480|Sheryl|Akamine|sakamine54@yahoo.com
481|Sommer|Andress|sandress97@gmail.com
482|Galina|Barham|gbarham75@gmail.com
483|Rema|Angleton|rangleton10@potato.org
484|Arlette|Altmark|aaltmark18@gmail.com
485|Lakia|Becerra|lbecerra38@potato.org
486|Octavia|Baires|obaires19@hotmail.com
487|Tyler|Ainslie|tainslie62@potato.org
488|Kelley|Agron|kagron13@gmail.com
489|Yvonne|Barges|ybarges14@ucsc.edu
490|Stephine|Bednar|sbednar0@yahoo.com
491|Kimbery|Barndt|kbarndt20@ucsc.edu
492|Arlene|Austine|aaustine69@yahoo.com
493|Gilbert|Aldridge|galdridge58@ucsc.edu
494|Carmon|Bartl|cbartl23@gmail.com
495|Salvador|Babicz|sbabicz22@yahoo.com
496|Jenifer|Asel|jasel12@yahoo.com
497|Miquel|Bastin|mbastin53@potato.org
498|Cherryl|Agar|cagar50@yahoo.com
499|Karisa|Arbogust|karbogust25@gmail.com
500|Yahaira|Agib|yagib2@hotmail.com
501|Michael|Lanthier|malanthi@ucsc.edu
